Utterance_ID,Text,Emotion
Ses01F_impro02_F000,did you get the mail so you saw my letter,sad
Ses01F_impro02_F001,yeah i know,sad
Ses01F_impro02_M001,i dont understand youve already done so much i dont know why do you have to go back,sad
Ses01F_impro02_F002,i dont know i put in that request too they didnt,sad
Ses01F_impro02_F003,i guess you know everybody has to make sacrifices,neu
Ses01F_impro02_F004,theres people that have given more though you know,sad
Ses01F_impro02_F005,i know,sad
Ses01F_impro02_F006,theres babies over there though that need mothers,neu
Ses01F_impro02_M005,i dont know how you can be okay with this i dont know why youre not youre fine with it,sad
Ses01F_impro02_F008,just you know kicking myself,sad
Ses01F_impro02_F010,things just arent what they seem,sad
Ses01F_impro02_M009,i just dont see why it has to be you,sad
Ses01F_impro02_F012,if not me then who,sad
Ses01F_impro02_M010,what am i going to do huh,sad
Ses01F_impro02_F013,youll videotape everything yeah,sad
Ses01F_impro02_M011,yeah,sad
Ses01F_impro02_F014,maybe you can send it to me like stream it yeah,sad
Ses01F_impro02_M012,dont you guys have access to computers over there,neu
Ses01F_impro02_F015,last month yeah,sad
Ses01F_impro02_M013,i just dont know how im going to do it without you,sad
Ses01F_impro02_F016,i have to find sitters,neu
Ses01F_impro02_M014,i cant raise a baby by myself how,sad
Ses01F_impro02_F017,weve got friends thats why we moved here huh because there is a day care down the street,sad
Ses01F_impro02_M015,i know,neu
Ses01F_impro02_F018,and your mother is close by,neu
Ses01F_impro02_F019,ill send you lots of letters,sad
Ses01F_impro02_F020,and i want lots and lots and lots of pictures,sad
Ses01F_script03_2_F000,and very much sillier,hap
Ses01F_script03_2_M001,however i believe the real cause of that row was peter burden,neu
Ses01F_script03_2_F001,oh you knew there was nothing in that,hap
Ses01F_script03_2_M002,i knew nothing of the sort you took presents from him,neu
Ses01F_script03_2_F002,presents it was only a trivial little brooch,hap
Ses01F_script03_2_M004,you went out of your way to torture me over peter burden,neu
Ses01F_script03_2_F004,i did not you worked that whole thing up in your jealous imagination,neu
Ses01F_script03_2_F005,well what of it,neu
Ses01F_script03_2_M007,what about me,ang
Ses01F_script03_2_M010,ill have a little i think,neu
Ses01F_script03_2_M011,no particular reason anyhow they are very small ones,neu
Ses01F_script03_2_F013,dont be stupid,ang
Ses01F_script03_2_M014,really amanda,ang
Ses01F_script03_2_F014,what,ang
Ses01F_script03_2_M016,you going out somewhere dear,neu
Ses01F_script03_2_F015,no i am just making myself fascinating for you,ang
Ses01F_script03_2_F016,oh its a womans duty to allure the man,ang
Ses01F_script03_2_M018,well as a matter of fact yes thats perfectly true,neu
Ses01F_script03_2_F017,no it isnt,ang
Ses01F_script03_2_M019,yes it is,neu
Ses01F_script03_2_F018,you shut up,ang
Ses01F_script03_2_M020,oh really its a pity you didnt have any brandy it would have made you a little less disagreeable,ang
Ses01F_script03_2_M021,snap snap snap you know you are like a little adder,ang
Ses01F_script03_2_M022,nonsense they have a bag of venom behind their fangs and they snap they snap,ang
Ses01F_script03_2_F021,they sting i dont care do you understand i dont care if they bark and they roll about like hoops,ang
Ses01F_script03_2_M023,did you see much of peter burden after our divorce,ang
Ses01F_script03_2_F022,yes i did quite a lot,ang
Ses01F_script03_2_M024,and i suppose you let him kiss you a good deal more than too yes i suppose you guys had a riotous time huh all out no restraint at all well you never really had much anyhow,ang
Ses01F_script03_2_F023,mind your own business,ang
Ses01F_script03_2_F024,youre quite insufferable i expect its because you are drunk,ang
Ses01F_script03_2_M025,i think i am not in the least bit drunk,ang
Ses01F_script03_2_F025,youve always had a weak head,ang
Ses01F_script03_2_M026,i think i mentioned once before that ive had three minute liquor glasses the whole evening long a child of two cannot get drunk on that,ang
Ses01F_script03_2_F026,on the contrary a child of two can get violently drunk on only one glass of brandy,ang
Ses01F_script03_2_M027,thats very interesting amanda how about a child of four or a child of six or a child of nine we can get a good little conversation going on about this you know intemperate tots,ang
Ses01F_script03_2_F027,oh shut up,ang
Ses01F_script03_2_F028,shut up,ang
Ses01F_script03_2_F029,not very funny darling why dont you have some more brandy,ang
Ses01F_script03_2_M029,look you better turn that off i dont want to wake up the people upstairs,ang
Ses01F_script03_2_F030,why,neu
Ses01F_script03_2_F031,there are no people upstairs its a photographers studio,neu
Ses01F_script03_2_M030,well then youll wake up the people downstairs,ang
Ses01F_script03_2_F032,they are away in tunis,neu
Ses01F_script03_2_M031,this is no time of year for tunis,neu
Ses01F_script03_2_M032,i will do no such thing,ang
Ses01F_script03_2_F034,fine if you insist on being boorish and idiotic,ang
Ses01F_script03_2_M033,will you turn that off its driving me mad,ang
Ses01F_script03_2_F035,you are far too temperamental try to control yourself,ang
Ses01F_script03_2_M034,turn it off,ang
Ses01F_script03_2_F036,i wont let go let go of me listen listen im sick and tired of listening to you you sadistic bully,ang
Ses01F_script03_2_M035,amanda listen listen,ang
Ses01F_script03_2_M036,oh thats very amusing indeed,ang
Ses01F_script03_2_F037,oh shut up let go i hate you i hate you do you hear you are a conceited and overbearing and utterly impossible,ang
Ses01F_script03_2_M037,you are a vile illtempered loose living wicked little beast and i never want to see you again as long as i live,ang
Ses01F_script03_2_F038,this is the end do you hear me finally and forever,ang
Ses01F_script03_2_M038,youre not going like this,ang
Ses01F_script03_2_F039,oh yes i am,ang
Ses01F_script03_2_M039,youre not,ang
Ses01F_script03_2_F040,yes i am stop it stop it let go of me oh youre a cruel fiend i loathe and i hate you marry you again never never never i hope you die in torment you brute beast cad,ang
Ses01F_script03_2_M040,shut up shut up god i wouldnt marry you again if you came crawling back to me on a bended knee you are a vile illtempered mean little wench and i never want to see you again as long as i live,ang
Ses01M_impro05_F000,can i help you,neu
Ses01M_impro05_F001,i need a little more information,neu
Ses01M_impro05_F002,what what flight did you come in on,neu
Ses01M_impro05_F003,georgia,neu
Ses01M_impro05_F004,theres no need for you to raise your voice sir,neu
Ses01M_impro05_F005,ive been college educated,neu
Ses01M_impro05_F006,i speak your language,neu
Ses01M_impro05_M004,are you insinuating that i dont have a college education and that for some reason that makes you a better person than i am,ang
Ses01M_impro05_M005,listen shut your smug mouth okay i dont need that,ang
Ses01M_impro05_F007,im just saying you dont need to talk to me like i,neu
Ses01M_impro05_M006,ive been sitting here for four hours,ang
Ses01M_impro05_M007,you people have just been tossing me around like a used hanky,ang
Ses01M_impro05_M008,you work here,ang
Ses01M_impro05_F011,details details well anyhow can i,neu
Ses01M_impro05_F012,so you flew in from atlanta,neu
Ses01M_impro05_F013,fourfour hours ago,neu
Ses01M_impro05_F014,do you have any i,neu
Ses01M_impro05_F015,i wouldnt let you i was not in atlanta i was not in atlanta,neu
Ses01M_impro05_F016,i had nothing to do with the boarding attendance im sorry that your seat was wherever it was,neu
Ses01M_impro05_F017,i have some unfortunate news uh that your bag isnt going to be,neu
Ses01M_impro05_F018,arriving any time soon,neu
Ses01M_impro05_F019,im really sorry to tell you this but,neu
Ses01M_impro05_M015,okay,neu
Ses01M_impro05_F020,its not i can offer you fifty dollars and a reimbursement gift cards for our airline,neu
Ses01M_impro05_F021,and your future,neu
Ses01M_impro05_F022,no,neu
Ses01M_impro05_F023,yes,neu
Ses01M_impro05_F024,weve actually,neu
Ses01M_impro05_F025,they do as matter of fact we dont like to publicize it because,neu
Ses01M_impro05_F026,people wouldnt fly our airline,neu
Ses01M_impro05_M020,probably people that work for your company huh,ang
Ses01M_impro05_M021,do you know what was in that little bag that i could have just easily put in overhead compartment but no i had to check,ang
Ses01M_impro05_F027,what was that,neu
Ses01M_impro05_M022,my computer which has all of my data which im collecting right now,ang
Ses01M_impro05_F028,thats unfortunate,neu
Ses01M_impro05_M023,yeah its really unfortunate you know why because im going to get fired if i dont get that so i need to have that back,ang
Ses01M_impro05_F029,thats too bad,neu
Ses01M_impro05_M024,fifty dollars is not going to cover me for my job okay,ang
Ses01M_impro05_F030,i wish i could give it to you,neu
Ses01M_impro05_M025,well you need to find it can i just go back there and look through the bags can i just go back there and just go through maybe ill find it,ang
Ses01M_impro05_F031,i wish i,neu
Ses01M_impro05_F032,thats not  no,neu
Ses01M_impro05_F033,no,neu
Ses01M_impro05_M026,itll be a lot more than what youre doing sitting here and just give me lip service id like to go back at least do some aggressive searching for my stuff,ang
Ses01M_impro05_F034,we have plenty of aggressive searching going on its not there someones taken it,neu
Ses01M_impro05_M027,sure yeah right you have plenty of aggressive searching going on aggressive searching drinking coffee and smoking cigarettes,ang
Ses01M_impro05_M028,i know what you guys do when youre not working youre union people you just sit around on your ass,ang
Ses01M_impro05_M031,thank you very much,ang
Ses01M_script02_1_M000,what time is it god this is great isnt it i cant believe it,hap
Ses01M_script02_1_M001,of course i did want to a little further up the coast you know get away from all the lights and people and everything is it midnight do they always start at midnight is that what it is midnight how you doing huh you okay thats good,hap
Ses01M_script02_1_M002,look there whats that whats that is it,hap
Ses01M_script02_1_M004,oh no i cant tell though although probably if you cant tell it probably isnt them right yeah probably going to be like unmistakable right,hap
Ses01M_script02_1_M005,gosh this is great isnt it this is awesome oh no you know what i forgot,hap
Ses01M_script02_1_M007,flashlight the silver one theres only one isnt there,neu
Ses01M_script02_1_M009,oh well yeah of course,neu
Ses01M_script02_1_F005,you keep saying my flashlight like somehow its just yours hows that supposed to make me feel,ang
Ses01M_script02_1_M010,of course our flashlight whats your is mine mi flashlight es su flashlight,neu
Ses01M_script02_1_M011,gosh i should have brought it i cant believe i forgot that,neu
Ses01M_script02_1_F007,no,neu
Ses01M_script02_1_M014,you know what we shouldve brought a blanket too man our blanket our blanket wish i had sixpack too a sixpack would be just the ticket right about now huh sixpack,hap
Ses01M_script02_1_F008,im fine,neu
Ses01M_script02_1_M016,oh yeah im so excited right now im like a kid,hap
Ses01M_script02_1_M017,i cant believe i got out of the house without my fly zipped up even,hap
Ses01M_script02_1_F009,i wonder if they can hear me talk,hap
Ses01M_script02_1_M022,right,neu
Ses01M_script02_1_M023,thats my point too,neu
Ses01M_script02_1_F014,then lets go,ang
Ses01M_script02_1_M028,people in kansas would have to get plane tickets and make hotel reservations to see this its only forty minutes away its just too good to pass up,ang
Ses01M_script02_1_F017,pass what up these little fish swim out of the ocean they flop around on the sand then they swim back and then they die,ang
Ses01M_script02_1_M030,yeah they do,neu
Ses01M_script02_1_M031,well okay whatever okay but its a fish who do something that like no other fish do you know its like those swallows that return to capistrano or those like those lemmings that jumped off the cliffs you know,hap
Ses01M_script02_1_M032,its like a little bit of the unexplainable a little magic a little mystery i just dont see how you can not be interested in this,hap
Ses01M_script02_1_F021,yes,ang
Ses01M_script02_1_F022,last year youll also remember we gotour shoes got wet i got sand in my panties you got a sore throat we got into a big fight and we did not see the grunions,ang
Ses01M_script02_1_M037,we just werent in a good spot though,neu
Ses01M_script02_1_F023,we didnt see them the year before either,ang
Ses01M_script02_1_M039,come on trust me i got instincts for these things okay so justjust think about it all right okay i know youre not interested think about it,neu
Ses01M_script02_1_M040,out there theres like this big mass of silver fish theyre heading this way,hap
Ses01M_script02_1_M041,they dont know why we dont know why no one like sent them an invitation or gave them a map or direction,hap
Ses01M_script02_1_M042,they just all turned at once and they just form this line as long as the california coast and they just started swimming,hap
Ses01M_script02_1_M043,like some little time release fire cracker went off inside their little tiny bodies and they all turned as one,hap
Ses01M_script02_1_M044,and form the line and started swimming swimming that would bring them to this point here,hap
Ses01M_script02_1_M045,its like urgency thats pure urge you know its singlemindedness with no mind,hap
Ses01M_script02_1_M046,its crazy look at this im giving myself goose bumps the hairs are standing up on my arm,hap
Ses01M_impro02_M000,hey joy come in here,neu
Ses01M_impro02_F000,whats happening,neu
Ses01M_impro02_M001,i have to go back,sad
Ses01M_impro02_M002,i just got a letter i have to go back,sad
Ses01M_impro02_M003,first thing tomorrow morning,sad
Ses01M_impro02_M007,the national guard is i guess really spread thin and then everyone has to go we all have to go back my whole companies going back,sad
Ses01M_impro02_M009,so yeah we leave tomorrow,sad
Ses01M_impro02_M010,were all shipping out,sad
Ses01M_impro02_M011,i just got i feel like im in shock actually,sad
Ses01M_impro02_F009,i dont even know what to tell you,sad
Ses01M_impro02_M012,i dont know,sad
Ses01M_impro02_F010,what about the birthday party,sad
Ses01M_impro02_M013,i guess youre just going to have to have it without me,sad
Ses01M_impro02_M014,hey listen its going to be okay though all right,sad
Ses01M_impro02_M015,youre going to be fine,sad
Ses01M_impro02_M016,im going to be fine too okay,sad
Ses01M_impro02_M017,i know i have a good i have a really good group of guys with me,sad
Ses01M_impro02_M018,were going to be okay,sad
Ses01M_impro02_F013,youre going with the same ones,sad
Ses01M_impro02_M019,do promise me youre going to take a lot of pictures,sad
Ses01M_impro02_M020,i know,sad
Ses01M_impro02_F015,its not the same though,sad
Ses01M_impro02_M021,i just wish there was something i could do,sad
Ses01M_impro02_M022,run away,sad
Ses01M_impro02_F017,mm hmm well build a bunker and never come out,sad
Ses01M_impro02_M023,i really dont want to go i dont want to go,sad
Ses01M_impro02_F019,dont say that,sad
Ses01M_impro02_M025,i love you,sad
Ses01M_impro01_F000,next,ang
Ses01M_impro01_F001,my window is open,ang
Ses01M_impro01_M003,yes jones,neu
Ses01M_impro01_F007,no i need your id to give you a second id,ang
Ses01M_impro01_F008,its really simple if you have a problem with it maybe you should,ang
Ses01M_impro01_M010,no i dont have a passport,neu
Ses01M_impro01_F011,what do you expect me to do,ang
Ses01M_impro01_F012,probably,ang
Ses01M_impro01_M020,did you even look at the form i filled it out all these questions,ang
Ses01M_impro01_F019,dont raise your voice with me,ang
Ses01M_impro01_F020,dont talk to me like im a child,ang
Ses01M_impro01_F021,do you know how long ive been working here how long have you lived in california,ang
Ses01M_impro01_F022,maybe you never been to the dmv before maybe you should get back in line you know what sit in line again and if you get my number ask for different one,ang
Ses01M_impro01_M025,i am notim not getting to back that line,ang
Ses01M_impro01_F024,uh huh i didnt come here get in yelling match either,neu
Ses01M_impro01_F025,they dont pay me enough to deal people like you,neu
Ses01M_impro01_M030,why,ang
Ses01M_impro01_M031,why because im sick of talking to you,ang
Ses01M_impro01_M032,cause youre obviously not talking to me youre just yelling at me berating me and telling me i cant fill out forms right,ang
Ses01F_script01_3_F000,youre the only one who still loves his parents,neu
Ses01F_script01_3_M000,i know it kind of went out of style didnt it,neu
Ses01F_script01_3_F001,its not so bad its a good thing,neu
Ses01F_script01_3_F002,breathing you know its lovely here the air is sweet,neu
Ses01F_script01_3_M001,youre not sorry you came,neu
Ses01F_script01_3_F003,im not sorry no but imi cant stay,neu
Ses01F_script01_3_F004,for one thing your mother much as told me to go,neu
Ses01F_script01_3_M003,well,neu
Ses01F_script01_3_F005,and then you youve been kind of,neu
Ses01F_script01_3_M004,what,neu
Ses01F_script01_3_F006,sort of embarrassed ever since i got here,neu
Ses01F_script01_3_M005,well i was kind of planning of sneaking up on you over the course of a week or so they just take it for granted that were all set,neu
Ses01F_script01_3_F007,i knew they would,neu
Ses01F_script01_3_F008,well sure from your mothers point of view why else would i come,neu
Ses01F_script01_3_F009,i umm i guess i guess thats kind of why i came,neu
Ses01F_script01_3_F010,breathing,hap
Ses01F_script01_3_M008,i love you annie i love you,hap
Ses01F_script01_3_F011,laughter,hap
Ses01F_script01_3_M009,i dont really have any imagination thats all i know how to say,hap
Ses01F_script01_3_F012,laughter,hap
Ses01F_script01_3_M010,am i embarrassing you are you  see i didnt want to do it here with this yard on this porch i wanted it to be somewhere new some place fresh for both of us,hap
Ses01F_script01_3_F013,no no,hap
Ses01F_script01_3_F014,chris ive been ready a long long time,neu
Ses01F_script01_3_F015,i almost got married two years ago,neu
Ses01F_script01_3_F016,you started to write me,neu
Ses01F_script01_3_F017,every day since,hap
Ses01F_script01_3_M015,why didnt you let me know,hap
Ses01F_script01_3_M016,give me a,hap
Ses01F_script01_3_M017,give me a kiss,hap
Ses01F_script01_3_F019,beating around the bush,hap
Ses01F_script01_3_F020,i will never forgive you all id done was sit around wondering if i was crazy waiting so long wondering if you were thinking about me,hap
Ses01F_script01_3_M019,oh annie we are going to live now i am going to make you so happy,hap
Ses01F_script01_3_F021,not like that youre not,hap
Ses01F_script01_3_M020,i kissed you,hap
Ses01F_script01_3_F022,like larrys brother do it like you chris,neu
Ses01F_script01_3_M021,hey lets drive some place huh lets get out of here,sad
Ses01F_script01_3_M022,no its nothing like that its,sad
Ses01F_script01_3_M023,yeah i suppose i have been but its going from me,sad
Ses01F_script01_3_M024,i dont even know how to start,sad
Ses01F_script01_3_M025,its just all mixed up with so many other things you know you know overseas i was in command of a company,sad
Ses01F_script01_3_F028,yeah sure,neu
Ses01F_script01_3_M026,well i lost them,sad
Ses01F_script01_3_F029,how many,neu
Ses01F_script01_3_M027,pretty much all,sad
Ses01F_script01_3_F030,aw geez,sad
Ses01F_script01_3_M028,you cant just toss off a thing like that because they werent just men you know,sad
Ses01F_script01_3_M029,like for instance there was this one time it had been raining for several days and this kid he just came up to me and he gave me his last pair of dry socks he just put them in my pocket thats a little thing you know but thats what kind of guys i had,sad
Ses01F_script01_3_M030,they didnt die they killed themselves for each other i mean that exactly just a little more selfish and they would all be here today,sad
Ses01F_script01_3_F031,mmhmm,neu
Ses01F_script01_3_M032,to bring that on to the earth again you know is like some kind of monument and i thought i would just make a difference to them,sad
Ses01F_script01_3_M033,but then i came home and it was incredible you know the whole thing was just kind of this random bus accident you know i went back to the rat race again i went to work,sad
Ses01F_script01_3_M036,and i didnt want any of it i guess that included you,sad
Ses01F_script01_3_M037,i just want you to know annie,neu
Ses01F_script01_3_F035,what would i do with a fortune,hap
Ses01M_impro07_M000,check this out you know how ive told you ive been really into like softball recently,hap
Ses01M_impro07_F000,yeah,neu
Ses01M_impro07_M001,well this is totally random i got this full ride scholarship to go to usc next year to play softball,hap
Ses01M_impro07_F001,laughter for softball thats unbelievable is it slow pitch,hap
Ses01M_impro07_M002,for softball theyre going to pay me to go to school isnt that awesome,hap
Ses01M_impro07_M003,yeah well i dontwell yeah i can pitch im not like the pitcher though im like the pinch hitter guy i mostly just hit but i guess im going to have to yeah and then i play shortstop too but its so ex the good news is i get to stay here,hap
Ses01M_impro07_F003,pinch hitting softball,hap
Ses01M_impro07_F004,that is incredible,hap
Ses01M_impro07_F005,thats amazing they pay for everything,hap
Ses01M_impro07_M004,i know for softball yeah,hap
Ses01M_impro07_F006,your housing books everything that is incredible,hap
Ses01M_impro07_M005,yeah everything every like free ride and i get to you know like be on like a trojans sports team too and its like cool isnt it awesome,hap
Ses01M_impro07_F007,that is incredible do you get like a per diem,hap
Ses01M_impro07_M006,i dont know i should ask yeah i will,hap
Ses01M_impro07_F008,you shouldyou should look into that,hap
Ses01M_impro07_F009,that is amazing congratulations good for you,hap
Ses01M_impro07_M007,thank you,hap
Ses01M_impro07_M008,but i dont know i want to live in the housing that they give me though cause i think i want to you know like get like a nicer place,hap
Ses01M_impro07_F010,oh,neu
Ses01M_impro07_F011,yeah that you probably you should see one of these victorian houses around by,hap
Ses01M_impro07_M009,where should i move,hap
Ses01M_impro07_M010,thats a really good idea or i could go to like santa monica go beach venice beach yeah a little dirty though i dont want to go to venice beach but  malibu all right,hap
Ses01M_impro07_F012,oh venice beach,neu
Ses01M_impro07_F013,oh you dont like that youre westsider,hap
Ses01M_impro07_F014,okay that would be way too much of a commute you cant do that especially i know especially fromi dont know what i was going to say i dont know,hap
Ses01M_impro07_M011,professional softball player malibu laughter,hap
Ses01M_impro07_F015,i dont know commuting from what malibu that would be ridiculous,hap
Ses01M_impro07_M013,oh yeah that would be well depends on what type of car you had though too i guess it would be worth it helicopter yeah helicopter there is a helipad there right yeah exactly,hap
Ses01M_impro07_F016,oh yeah hed drop you right off at practice,hap
Ses01M_impro07_F018,they have those neonsoftballs theyre like dayglow you can see them anywhere,hap
Ses01M_impro07_F020,oh that is incredible is it,neu
Ses01M_impro07_F021,do they have ais it a coed softball team i mean really you know i didnt even know that they have that,hap
Ses01M_impro07_M017,they do itsbelieve me its huge,hap
Ses01M_impro07_F022,who do you play like doare you like nationally ranked,hap
Ses01M_impro07_M018,i just got into it i just kind of fell into it literally i was walking around and,hap
Ses01M_impro07_F023,that is unbelievable,hap
Ses01M_impro07_M019,its pretty wild,hap
Ses01M_impro07_F024,i would put that right up there withpingpong,hap
Ses01M_impro07_M020,yeah well i doubt garbage ping pong garbage,neu
Ses01M_impro07_F025,i mean not to denigrate what you are doing i think thats great,hap
Ses01M_impro07_F026,no no i love softball i played softball all the time,hap
Ses01M_impro07_F027,i am not saying you should be im not no i think its great i think you should be incredibly proud yourself especially because youre going to usc for free for doing it for free,hap
Ses01M_impro07_M024,for free thats really what its about i mean who cares i mean if i have to play softball all the time,hap
Ses01M_impro07_M026,yeah we have like away games and stuff,neu
Ses01M_impro07_M030,but you know im like garbage,neu
Ses01M_impro07_F033,youre like the rookie the new kid,hap
Ses01M_impro07_F034,just watch in five years youll be like on the force you carry around donuts in your back pocket laughter,hap
Ses01M_impro07_M032,im going to have a mustacheon the force,hap
Ses01M_impro07_M033,pull over,hap
Ses01F_impro03_M000,so whats up whats new,neu
Ses01F_impro03_F000,well vegas was awesome,hap
Ses01F_impro03_M001,yeah i heard,neu
Ses01F_impro03_F001,and um i got married,hap
Ses01F_impro03_F002,yeah in the old town part,hap
Ses01F_impro03_M003,who did you marry,hap
Ses01F_impro03_F004,um yes it was very romantic,hap
Ses01F_impro03_F005,it was at the slot machines,hap
Ses01F_impro03_F006,uhuh uhuh he won big and heand he realized that the only thing that would make it better was me as his bride,hap
Ses01F_impro03_M006,he turned to you and was like,neu
Ses01F_impro03_M007,laughter thats really romantic,hap
Ses01F_impro03_F008,yeah well you know because hes leaving the next day,hap
Ses01F_impro03_M008,yeah,neu
Ses01F_impro03_F009,but were going to have a honeymoon cruise,hap
Ses01F_impro03_M009,does that mean that youre going to get citizenship too in in england or whatever,neu
Ses01F_impro03_F010,oh i hadnt even thought about that,hap
Ses01F_impro03_M011,yeah but hell have like a long visa can you go visit then for a long time,neu
Ses01F_impro03_F012,oh totally,hap
Ses01F_impro03_F013,i guess ill i guess ill have an internet husbandlaughter,hap
Ses01F_impro03_M013,like you need another one of thoselaughter,hap
Ses01F_impro03_M014,is that your phone,hap
Ses01F_impro03_F015,yeah so laughter hes calling me now,hap
Ses01F_impro03_M015,he loves you,hap
Ses01F_impro03_F016,he likes to keep tabs you know,hap
Ses01F_impro03_M016,how much did he win at the slot,neu
Ses01F_impro03_F017,uh i think seven hundred and fifty dollars,neu
Ses01F_impro03_F018,penny slots thats what he plays,neu
Ses01F_impro03_F019,yeah,neu
Ses01F_impro03_M019,im a big fan of the wheel of fortune quarters but it just costs so much i dont know,neu
Ses01F_impro03_F021,yeah we played wheel of fortune pennies its like a giant thing with like,hap
Ses01F_impro03_M020,but the pennies always get you because you end up spending like you know fifty bucks,neu
Ses01F_impro03_F022,fifty bucks mmhmm,neu
Ses01F_impro03_M021,like wait but its just pennies youre like wait a minute im on to you,neu
Ses01F_impro03_F023,yeah,neu
Ses01F_impro03_F024,well so now were married we have cat children,hap
Ses01F_impro03_M022,awesome,hap
Ses01F_impro03_M023,laughter cat babies,hap
Ses01F_impro03_F025,we renamed brenda lumber janet,hap
Ses01F_impro03_M024,thats fair enough,neu
Ses01F_impro03_F026,she needs a new name each state that we go into laughter,hap
Ses01M_impro03_M000,the craziest thing just happened to me,hap
Ses01M_impro03_M001,this girl she just offered me fifty thousand dollars to marry her,hap
Ses01M_impro03_F002,why,hap
Ses01M_impro03_M003,well shes not a citizen so she wants to get a visa,neu
Ses01M_impro03_F003,is she on the run,hap
Ses01M_impro03_M004,no no no no no no she just shes not a citizen but she wants her visa yeah shes going to pay me fifty thousand dollars to marry her and stay married to her for two years,hap
Ses01M_impro03_F004,oh she just needs to marry you,hap
Ses01M_impro03_F005,thats incredible thats awesome wheres she from maybe you can get a dual citizenship,hap
Ses01M_impro03_M005,thats like twenty five thousand dollar a year for doing nothing isnt that awesome,hap
Ses01M_impro03_M006,shes actually from england i think well she she spoke english but she had an accent i didnt even ask,neu
Ses01M_impro03_F006,thats so cool uh huh,hap
Ses01M_impro03_F007,laughter why did she pick you where were you,hap
Ses01M_impro03_M007,fifty thousand dollars fifty thousand dollars i was just out i just shes  well shes a friend of friend but like,hap
Ses01M_impro03_F008,you were at a party and shes like hey you seem unattached shes like,hap
Ses01M_impro03_M008,yeah can you believe that yeah shes like hey im like sure ill do it i dont care yeah im like fifty thousand dollars id totally do it for fifty thousand dollars but the only thing is thats kind of like illegal so like i could go to jail probably for a long if i get caught but,hap
Ses01M_impro03_F009,thats unbelievable yeah,hap
Ses01M_impro03_F010,well ive known people who have done this before yeah you just its really fun actually cause you have like a fake engagement party and all your friends come over and like,hap
Ses01M_impro03_M010,its like im really going to get married well have like the whole thing,hap
Ses01M_impro03_M011,oh good laughter,hap
Ses01M_impro03_F011,yeah yeah and then yeah and then you know like you could like you could do like like sock her for a lot of money,hap
Ses01M_impro03_M012,i know what do you think i should,hap
Ses01M_impro03_F012,like make her rent the apartment that you two have to live together in you know and you wont pay any rent or you pay like a hundred bucks a month or something,hap
Ses01M_impro03_M013,oh good idea,hap
Ses01M_impro03_M014,yeah make her like open the bank account and stuff too,neu
Ses01M_impro03_F013,yeah,hap
Ses01M_impro03_M015,its a good idea,hap
Ses01M_impro03_F014,dude you lucked out,hap
Ses01M_impro03_M016,i know also i get to like plan the wedding now too that will be fun,hap
Ses01M_impro03_F015,yeah my colors are blush and beige what is it do you know,hap
Ses01M_impro03_M017,something blue something new something no i dont know laughter so yeah wonder if shes going to pay me up front but do you think its bad though do you think theyre going to like track the money or something,hap
Ses01M_impro03_F016,oh i dont know laughter,hap
Ses01M_impro03_F017,i dont know get it in cash,neu
Ses01M_impro03_M018,just cash hardcore,neu
Ses01M_impro03_F018,yeah,neu
Ses01M_impro03_M019,what should we do where should we get married we should have party,hap
Ses01M_impro03_F019,how exciting you should have a wedding on the beach,hap
Ses01M_impro03_M020,yeah like a big like a wedding on the beach that would be nice,hap
Ses01M_impro03_F020,yeah at night,hap
Ses01M_impro03_M021,and then we can honeymoon i want to go tropical though like bahamas or like tahiti or something i just want to like beach and like drink,neu
Ses01M_impro03_F021,oh yeah absolutely absolutely,neu
Ses01M_impro03_F022,how exciting you should make her bring all your friends too,hap
Ses01M_impro03_M022,ill make her pay for that i hear shes like totally wealthy shes like royalty or something like and whatever like removed or something but yeah,hap
Ses01M_impro03_F023,garbage shes got to be loaded fifty thousand dollars thats incredible,hap
Ses01M_impro03_F024,incredible,hap
Ses01M_impro03_M023,im going to marry a blue blood laughter,hap
Ses01M_impro03_F025,youre a lucky lucky lucky man,hap
Ses01M_impro03_M024,will you help me plan,hap
Ses01M_impro03_F026,oh totally yeah,hap
Ses01F_script02_2_M000,look at this all of the hairs are standing up on my arm,hap
Ses01F_script02_2_F000,thats the wind,neu
Ses01F_script02_2_M001,well so what do you think,hap
Ses01F_script02_2_F001,about what,neu
Ses01F_script02_2_M002,about what i was saying,neu
Ses01F_script02_2_M006,carla can i ask you something now dont take this the wrong way but are you on your period,neu
Ses01F_script02_2_F006,dont ask me that i hate it when you ask me that you always ask me that its insulting,ang
Ses01F_script02_2_F008,for god grow up augie the fish are not going to arrive,ang
Ses01F_script02_2_F009,because they never do have theyhave they ever,ang
Ses01F_script02_2_F010,twice is every time we have tried thats ever,ang
Ses01F_script02_2_F015,i feel like im always just standing here waiting i feel like this night is going to be the night but it never is,sad
Ses01F_script02_2_F016,for gods sake this is not about fish,ang
Ses01F_script02_2_M016,okay so you were fine during that phone call from marge and then dinner was okay and doing the dishes was fine and then i was going to take a shower and youre watching the news and you said the grunions are running tonight do you want to go and i said sure great lets go,neu
Ses01F_script02_2_M017,okay so i am putting out the pets getting the car out of the garage,neu
Ses01F_script02_2_F017,do you remember the first year we came here it was like four years after we got married,neu
Ses01F_script02_2_F019,you whispered the sweetest most intimate things to me right into my ear so i could feel them as much as hear them and i remember thinking this is it you know finally i am as happy as im supposed to be,hap
Ses01F_script02_2_M019,its when we were driving past that knickerbocker liquor locker you said lets get some champagne i said no times a wasting or something like that,neu
Ses01F_script02_2_F022,id rather not remember some things id rather not hope for some things,sad
Ses01F_script02_2_M021,sure all right okay,neu
Ses01F_script02_2_M022,listen do you want to dance,neu
Ses01F_script02_2_F023,no,neu
Ses01F_script02_2_M023,do you want me to go get some champagne,neu
Ses01F_script02_2_M024,do you want to take off your shoes,hap
Ses01F_script02_2_M026,do you want to get married again,hap
Ses01F_script02_2_F026,no,neu
Ses01F_script02_2_M033,yes it is,neu
Ses01F_script02_2_F034,i know you are augie i know,sad
Ses01F_script02_2_F035,i know you meant this to be special i know that you wanted it to be right but i just cant help thinking that i cant help wishing that i was somewhere else,sad
Ses01F_script02_2_M037,maybe if you were with someone else too,sad
Ses01F_script02_2_F036,i didnt say that,sad
Ses01F_script02_2_M038,i just i know i dont make you happy,sad
Ses01F_script02_2_F040,youre the one who probably wishes he was with somebody else somebody who doesnt take things so seriously who could enjoy herself,sad
Ses01F_script02_2_M040,you know actually now that you mention it no i dont,neu
Ses01F_script02_2_F041,so maybe we are in the wrong spot but we are with the right person,neu
Ses01F_script02_2_M042,we have a great view of the moon from here though huh,neu
Ses01F_script02_2_F042,hmm i noticed that its pretty big old white moon,hap
Ses01F_script02_2_M043,breathing,neu
Ses01F_script02_2_M044,and look what i got here,hap
Ses01F_script02_2_F043,augie you bought refreshments,hap
Ses01F_script02_2_F044,i guess we dont need glasses,hap
Ses01F_script02_2_M046,breathing,hap
Ses01F_script02_2_M047,do you want to go home are you cold,neu
Ses01F_script02_2_F045,im beginning to think this might be the right spot after all,hap
Ses01F_script02_2_F046,augie im sorry,sad
Ses01F_script02_2_M048,shh if were very quiet the fish might come,neu
Ses01F_script02_2_F047,or not,neu
Ses01F_script02_2_M049,or not,hap
Ses01F_script01_1_M000,he saw it,neu
Ses01F_script01_1_M001,he was out here when it broke,neu
Ses01F_script01_1_M002,four o clock this morning i heard a crack and i woke up and looked out he was standing right over there when it cracked,neu
Ses01F_script01_1_M003,i dont know,neu
Ses01F_script01_1_F005,hes dreaming of him again walking around,neu
Ses01F_script01_1_M004,i guess he is,neu
Ses01F_script01_1_M007,you know larry is not coming back and i know it why do we allow him to go on thinking that we believe with him,neu
Ses01F_script01_1_M010,weve got to say it to him,neu
Ses01F_script01_1_M012,sit down mom i want to talk to you,neu
Ses01F_script01_1_M014,you know,neu
Ses01F_script01_1_F015,well i got an idea but whats your story,neu
Ses01F_script01_1_M015,im going to ask her to marry me,neu
Ses01F_script01_1_M016,you know its not just my business,neu
Ses01F_script01_1_M017,so all right then ill just go ahead with it,neu
Ses01F_script01_1_M019,you know sometimes you infuriate me you know that isnt it your business if i tell father and he throws a fit about it god you have such a talent for ignoring things,ang
Ses01F_script01_1_M023,i wanted to get this settled first,neu
Ses01F_script01_1_M024,well if she does then thats it thats the end of it from her letters though i think shes pretty much forgotten him,neu
Ses01F_script01_1_M025,and then well thrash it out with father okay mom dont avoid me,neu
Ses01F_script01_1_F034,just give it some more thought,neu
Ses01F_script01_1_F035,what the hell is this,ang
Ses01F_script01_1_M034,ill get out ill get married and ill move somewhere else maybe new york,neu
Ses01F_script01_1_F037,you have a business here what the hell is this,ang
Ses01F_script01_1_F038,oh must you be inspired,ang
Ses01F_script01_1_M039,on this i would,neu
Ses01F_script01_1_M040,then help me stay here,neu
Ses01F_script01_1_F041,all right but you dont want to think like that because what the hell are we working for chris its all for you this whole shooting match is for you,ang
Ses01F_script01_1_F042,just dont think like that,ang
Ses01M_script03_1_F003,now and always sweet,hap
Ses01M_script03_1_M004,i dont care then,hap
Ses01M_script03_1_F004,it had to happen sooner or later,hap
Ses01M_script03_1_F007,breathing,hap
Ses01M_script03_1_F008,oh behave exquisitely,hap
Ses01M_script03_1_M010,with perfect poise,hap
Ses01M_script03_1_F009,laughter i think i shall do a court curtsey,hap
Ses01M_script03_1_M011,ah,hap
Ses01M_script03_1_F010,laughter,hap
Ses01M_script03_1_M012,ahstrange,hap
Ses01M_script03_1_F011,mmm,hap
Ses01M_script03_1_M013,things that just ought to matter dreadfully you know they just dont matter at all when one is happy do they,hap
Ses01M_script03_1_M014,darling dont say that,sad
Ses01M_script03_1_F014,oh yes meaning just that,hap
Ses01M_script03_1_M016,oh dear god what is that all mean dear god,hap
Ses01M_script03_1_F015,laughter dont laugh at me im being serious,hap
Ses01M_script03_1_M017,you mustnt be so serious darling it just what they want,hap
Ses01M_script03_1_M019,flippancy brings out the acid in their darn sweetness and light,hap
Ses01M_script03_1_F017,mmhmm if i must laugh at everything i must laugh at us too,hap
Ses01M_script03_1_F018,how long will it last this ludicrous overbearing love of ours,hap
Ses01M_script03_1_M021,we are figures of fun all right,hap
Ses01M_script03_1_M022,ahhwho knows,hap
Ses01M_script03_1_F019,shall we always want to bicker and fight,hap
Ses01M_script03_1_F021,if one of us dies,hap
Ses01M_script03_1_F024,i think youre talking nonsense,hap
Ses01M_script03_1_M028,lets pity the poor philosophers huh lets enjoy the party for as long as we can okay lets blow trumpets and squeakers and sit like small idiotic school children laughter,hap
Ses01M_script03_1_M029,come here darling kiss me,hap
Ses01M_script03_1_M030,before your body rots and worms pop out of your eye sockets,hap
Ses01M_script03_1_M031,see you know i dont care what you do you could paint yourself green and run naked to the place vendome,hap
Ses01M_script03_1_M033,do you remember that row we did have in venice,hap
Ses01M_script03_1_F030,which particular one,hap
Ses01M_script03_1_F031,oh charles that was his name charles he did wriggle so beautifully,hap
Ses01M_script03_1_M037,but you know it wasnt as bad as the one we had in cannesmmhmmwhere your curling irons burnt a hole in my dressing gown,hap
Ses01M_script03_1_F034,cannesmmhmm,hap
Ses01M_script03_1_F036,the manager came in he found us rolling about the floor laughter,hap
Ses01M_script03_1_M039,i will never forget the look on his face,hap
Ses01M_script03_1_F037,scratching and biting like panthers laughter oh,hap
Ses01M_script03_1_M040,oh,hap
Ses01M_script03_1_F038,utterly utterly ridiculous,hap
Ses01M_script03_1_F039,ohlaughter,hap
Ses01M_script03_1_M041,we were very much younger then,hap
Ses01M_script03_1_F040,very much sillier,hap
Ses01M_script03_1_F041,oh you knew there was nothing in that,hap
Ses01F_impro01_F000,excuse me,neu
Ses01F_impro01_F001,yeah,neu
Ses01F_impro01_F002,is there a problem,neu
Ses01F_impro01_F005,well whats the problem let me change it,neu
Ses01F_impro01_F012,thats out of control,ang
Ses01F_impro01_M011,i dont understand why this is so complicated for people when they get here its just a simple form i just need an id,ang
Ses01F_impro01_F014,clearly you know do you have like a supervisor or something,neu
Ses01F_impro01_M013,yeah do you want to see my supervisor huh yeah do you want to see my supervisor fine ill be right back,ang
Ses01M_script01_3_F000,the only one i know still love his parents,neu
Ses01M_script01_3_M000,yeah that kind of went out of style didnt it,hap
Ses01M_script01_3_F001,oh its not bad thing its good thing,neu
Ses01M_script01_3_M001,youre not sorry you came,hap
Ses01M_script01_3_F003,not sorry no i cant stay here,sad
Ses01M_script01_3_M002,why not,sad
Ses01M_script01_3_F004,for one thing your mother as much as told me to go,neu
Ses01M_script01_3_F005,breathing and then youve been kind of,sad
Ses01M_script01_3_M004,what,neu
Ses01M_script01_3_F006,youve been kind of embarrassed ever since i got here,sad
Ses01M_script01_3_M006,you did,neu
Ses01M_script01_3_F008,from her point of view why else would i come,neu
Ses01M_script01_3_M007,yeah,neu
Ses01M_script01_3_M009,ann i love you i love you,hap
Ses01M_script01_3_F012,i almost got married two years ago,neu
Ses01M_script01_3_M014,why didnt you,neu
Ses01M_script01_3_F014,everyday since,hap
Ses01M_script01_3_M016,why didnt you let me know,hap
Ses01M_script01_3_F015,because i was waiting for you chris till then you never wrote me and then when you did well you sure can be ambiguous you know,hap
Ses01M_script01_3_M018,i kissed you i kissed annie,hap
Ses01M_script01_3_F016,ill never forgive you for waiting so long all i did was sit around and wonder if i was crazy for thinking about you,hap
Ses01M_script01_3_M019,i kissed you,hap
Ses01M_script01_3_F018,chris whats the matter,sad
Ses01M_script01_3_M020,do you want to go somewhere lets go,sad
Ses01M_script01_3_F019,no what is it is your mother,sad
Ses01M_script01_3_M021,no no its nothing like that,sad
Ses01M_script01_3_M022,i dont know itsits complicated but its going from me now,sad
Ses01M_script01_3_F021,you got to tell me,sad
Ses01M_script01_3_M023,i dont know,sad
Ses01M_script01_3_M024,its kind of all mixed up with all these other things,sad
Ses01M_script01_3_F022,wouldnt work like this,sad
Ses01M_script01_3_M025,you know over seas i was in command of the company,sad
Ses01M_script01_3_F023,yeah sure,sad
Ses01M_script01_3_M026,well i lost them,sad
Ses01M_script01_3_F024,how many,sad
Ses01M_script01_3_M027,pretty much all,sad
Ses01M_script01_3_F025,breathing geez,sad
Ses01M_script01_3_M028,takes awhile to toss something like that off i mean they werent just men you know,sad
Ses01M_script01_3_M029,for instance there was this one time when this kidit had been raining for like several days and he gave me his last pair of dry socks,sad
Ses01M_script01_3_M030,he just put it in my pocket thats the kind of guys i had,sad
Ses01M_script01_3_M031,they didnt die they killed themselves for each other and i mean that exactly you know a little more selfish and theyll all be here today,sad
Ses01M_script01_3_M032,and i had this idea as i was watching them go down like everything was being destroyed you know but i felt like this one new thing was being made you know its kind of like this this monument,sad
Ses01M_script01_3_M033,you know that they were bringing something on to this earth a kind of sacrifice you know,sad
Ses01M_script01_3_M034,i thought i would change everything you know and i got back here and it was it was like nothing had changed at all,sad
Ses01M_script01_3_M035,you know i went to work with dad and i started that whole rat race again,sad
Ses01M_script01_3_M036,and no one had changed it was just like sort of random bus accident to them,sad
Ses01M_script01_3_M037,driving my new car and i felt guilty you know opening my bank book seeing a new refrigerator,sad
Ses01M_script01_3_M038,cause you can take those things out of a war but you have to realize that those things came out of the love that a man can have for another man,sad
Ses01M_script01_3_M039,and if you cant see that then its just loot and theres blood all over it,sad
Ses01M_script01_3_M040,i felt ashamed and i didnt want any part of it i guess i included you too,sad
Ses01M_script01_3_F026,do you still feel that way,sad
Ses01M_script01_3_M041,i want you to know annie,sad
Ses01M_script01_3_M043,im going to make a fortune for you,hap
Ses01M_script01_3_F030,what would i do with a fortune,hap
Ses01F_script01_2_M001,well maybemaybe he just wanted to see her,neu
Ses01F_script01_2_F003,hes not going to marry her,ang
Ses01F_script01_2_M004,how do you know hes even thinking about it,neu
Ses01F_script01_2_F004,its got that about it,ang
Ses01F_script01_2_F005,what is going on here joe,ang
Ses01F_script01_2_F006,she is not his girl she knows shes not,ang
Ses01F_script01_2_F007,then why is she still single new york is full of men why is she still single probably a hundred people told her shes foolish but she waited,ang
Ses01F_script01_2_M008,how do you know why she waited,neu
Ses01F_script01_2_F008,because she knows what i know thats why shes faithful as a rock in my darkest moments i think of her waiting and i know that im right,ang
Ses01F_script01_2_F009,nobody in this house dares take away her faith joe you know strangers might but not his father not his brother,ang
Ses01F_script01_2_F010,i want you to i want you to act like he is coming back both of you dont think i havent noticed you since chris invited her here,ang
Ses01F_script01_2_F011,i wont stand for any nonsense,ang
Ses01F_script01_2_F012,because if hes not coming back ill kill myself oh laugh laugh all you like but why does this happen the very night he comes back she goes to sleep in his room and his memorial breaks in pieces look at it joe look,ang
Ses01F_script01_2_F013,just believe with me joe only last week a man came back in detroit missing longer than larry believe with me you above all have got to believe just believe,ang
Ses01F_script01_2_M017,what have i got to hide what the hell is the matter with you kate,ang
Ses01M_impro04_F000,you seem kind of down,neu
Ses01M_impro04_F002,what do you mean,neu
Ses01M_impro04_F003,theres a lot of people looking for jobs,neu
Ses01M_impro04_F004,i dont know i mean i just dont think,neu
Ses01M_impro04_F005,did you ever think it might be your attitude thats,neu
Ses01M_impro04_F006,i dont know just sometimes you get kind of no im not saying that i just,neu
Ses01M_impro04_F007,has anyone ever just said anything like that to you before,neu
Ses01M_impro04_F008,right sure,neu
Ses01M_impro04_F009,but i mean you kind of got to you got to fake it til you feel it right,neu
Ses01M_impro04_F010,im just saying that if i was looking to hire somebody in theor kind of no no no,neu
Ses01M_impro04_F011,no im just saying though that if i was a person who was hiring somebody i would not hire someone who was angry or upset,neu
Ses01M_impro04_F012,no,neu
Ses01M_impro04_M014,what,ang
Ses01M_impro04_F013,well you know a little if you were to listen to,neu
Ses01M_impro04_F014,i just dont want you to fly off the handle,neu
Ses01M_impro04_F015,you kind of have a short fuse,neu
Ses01M_impro04_F016,yeah,neu
Ses01M_impro04_M018,okay okay no no no no okay no i need to hear this more come on bring it,ang
Ses01M_impro04_F017,like this right now were trying have a conversation,neu
Ses01M_impro04_F018,were trying to have a conversation and you seem extremely hostile you keep cutting me off,neu
Ses01M_impro04_F019,i cant finish the sentence with you without you jumping in,neu
Ses01M_impro04_F020,and youre always right,neu
Ses01M_impro04_F021,you have an excuse for everything,neu
Ses01M_impro04_F022,im just saying that maybe you should take in some information before you produce more of your own,neu
Ses01M_impro04_M023,im like a sponge im like soaked up with all this information for like three years im just dying for a job to like put it in to,ang
Ses01M_impro04_F023,breathing,neu
Ses01M_impro04_F025,well what kind of field are you looking to go into,neu
Ses01M_impro04_M025,thats it,neu
Ses01M_script01_2_F000,why did he invite her here,ang
Ses01M_script01_2_M000,well maybe he wanted see her,neu
Ses01M_script01_2_F001,its been three and a half years why all of a sudden,ang
Ses01M_script01_2_M001,well uh he grew up next door to the girl why wouldnt he want to see her,neu
Ses01M_script01_2_F004,what is going on here joe,ang
Ses01M_script01_2_F005,the girl is not larrys if the girl is larrys girl shes not his she know shes not,ang
Ses01M_script01_2_M007,and how do you know why shes waited,neu
Ses01M_script01_2_F009,i want you toact like he is coming back dont think i havent noticed you both of you since chris invited her here i wont stand for any nonsense,ang
Ses01M_script01_2_F011,oh laugh at me laugh all you like but why does this happen to very night she comes back she goes to sleep in his room and his memorial breaks in pieces look at it joe look,ang
Ses01M_script01_2_F012,believe with me joe you got to believe only last week a boy came back missing longer then larry you read it yourself,ang
Ses01M_script01_2_F013,you above all have got to believe just dont stop believing,ang
Ses01M_script01_2_M015,what does that mean me above all what does that mean,ang
Ses01M_script01_2_M016,look at you youre shaking,ang
Ses01M_script01_2_M017,what the hell do you want from me kate,ang
Ses01F_script03_1_M005,i dont care then,hap
Ses01F_script03_1_M007,no wrong number laughter,hap
Ses01F_script03_1_F005,laughter that sent shivers up my spine,hap
Ses01F_script03_1_M008,what shall we do if they suddenly walk in on uslaughter,hap
Ses01F_script03_1_F006,well behave exquisitely,hap
Ses01F_script03_1_M009,with perfect poise,hap
Ses01F_script03_1_F007,i think i shall do a curtsy,hap
Ses01F_script03_1_M010,its strange things that ought to matter dreadfully they just dont matter at all when ones happy do they,hap
Ses01F_script03_1_F010,yes meaning just that,hap
Ses01F_script03_1_M013,well what does it all mean thats what i ask myself in my quest for ultimate truth dear god what does it all mean,hap
Ses01F_script03_1_F011,dont laugh at me im being serious,hap
Ses01F_script03_1_F012,whos they,hap
Ses01F_script03_1_M018,who knows,hap
Ses01F_script03_1_M021,yes yes with all of his might,hap
Ses01F_script03_1_M024,lets be superficial and just pity those poor philosophers huh lets blow trumpets and squeakers and enjoy the party for as long as we can you know like small idiotic school children,hap
Ses01F_script03_1_F020,laughter,hap
Ses01F_script03_1_M025,oh come and kiss me darling before your body rots and worms pop out of your eye sockets,hap
Ses01F_script03_1_F021,oh elliott worms dont pop,hap
Ses01F_script03_1_M026,oh see i dont care what you do see you can paint yourself green and run naked through the place vendome and run off with all of the men of the world i shant say a word just as long as you love me best,hap
Ses01F_script03_1_F022,aw thank you darling the same applies to you too except that if you so much as look at another woman ill kill you,hap
Ses01F_script03_1_F024,oh charles that was his name he did wiggle so beautifully,hap
Ses01F_script03_1_M034,that was a rouser wasnt it,hap
Ses01F_script03_1_F029,the manager came in he found us rolling about the floor biting and scratching like panthers laughter how utterly utterly ridiculous,hap
Ses01F_script03_1_M036,laughter ill never forget his face laughter,hap
Ses01F_script03_1_M037,laughter we were very much younger then,hap
Ses01F_script03_1_F030,laughter and very much sillier,hap
Ses01F_impro05_M000,hi thanks for waiting,neu
Ses01F_impro05_M001,can i help you,hap
Ses01F_impro05_M002,uh huh,hap
Ses01F_impro05_M003,okay,neu
Ses01F_impro05_M004,okay,neu
Ses01F_impro05_M005,okay great im really sorry that you had to do that whats your last name lets start there,neu
Ses01F_impro05_M006,okay,neu
Ses01F_impro05_M007,all right okay and you lost your bag is that that the issue,neu
Ses01F_impro05_F008,flight seven fourteen,ang
Ses01F_impro05_M008,uhhuh,neu
Ses01F_impro05_F009,am i going to be getting like free tickets free mileage when can i expect my bag here,ang
Ses01F_impro05_M009,yeah yeah i dont see i dont see any,neu
Ses01F_impro05_M010,i dont see any record of it and iusually when i dont see a record of it that means um,neu
Ses01F_impro05_M011,weve mistakenly lost your baggage were very sorry on behalf of jet blue i would like to apologize for any inconvenience i am allowed to issue you a fifty dollar gift card which you can use any future flights you want to take with us im very sorry once again,neu
Ses01F_impro05_M012,for such an inconvenience and your bag but,neu
Ses01F_impro05_F011,is this a joke,ang
Ses01F_impro05_M013,yeah,neu
Ses01F_impro05_M014,no no,neu
Ses01F_impro05_F012,are there candid cameras is this that movie theres that show right airplane airline,ang
Ses01F_impro05_M015,no no this is real,neu
Ses01F_impro05_M016,no im just giving you money the bag is gone if its not here im really sorry there is nothing i can do because,neu
Ses01F_impro05_M017,this is the only track record that we have and if its not listed here then its probably not anywhere,neu
Ses01F_impro05_F014,youre kidding me this is a joke,ang
Ses01F_impro05_F015,do you have any idea fifty dollars thats supposed to replace everything that i have do you understand how much i have packed in there not only does it have sentimental value it cant be replaced like that it was incredibly expensive,ang
Ses01F_impro05_M019,yes,neu
Ses01F_impro05_M020,i know,neu
Ses01F_impro05_F016,we flew in from paris ive been shopping for three weeks,ang
Ses01F_impro05_F017,i dont care what youre freaking sign says somebody somebody needs to replace everything ive got there and give me money for my inconvenience,ang
Ses01F_impro05_M022,okay calm,neu
Ses01F_impro05_M023,actually we are not necessarily liable to give you to even give you this fifty dollars so its actually its actually really,neu
Ses01F_impro05_F018,do you understand who my husband is,ang
Ses01F_impro05_F019,if youre if youre if youre looking for a lawsuit baby youve found it,ang
Ses01F_impro05_M024,we are actually not even allowed you know like we dont have to give you this fifty dollars we dont have to do that,neu
Ses01F_impro05_F020,ohoh its a gift youreyoure helping me out here,ang
Ses01F_impro05_M025,its a gift,neu
Ses01F_impro05_M026,you know the airlines can not be held responsible for every bag of luggage that comes through here,neu
Ses01F_impro05_F021,you are cruising for a bruising you are in so much trouble,ang
Ses01F_impro05_M027,with the amount of,neu
Ses01F_impro05_F022,whos in charge who is the president of jet blue,ang
Ses01F_impro05_M028,um actually i dont know i dont know oh really,neu
Ses01F_impro05_F023,because i probably know him,ang
Ses01F_impro05_F024,yeah,ang
Ses01F_impro05_M029,well then maybe you can just call him and he can give you more money but right now all i can do,neu
Ses01F_impro05_F025,i dont want money i want my clothes,ang
Ses01F_impro05_M030,right now all i can do is just give you this fifty dollars im really sorry,neu
Ses01F_impro05_F026,whats your name,ang
Ses01F_impro05_M031,oh my name is sean hi,neu
Ses01F_impro05_F028,okay ill do that,ang
Ses01F_impro05_F029,i dont think you have done everything you could do because i dont have my bag here yet,ang
Ses01F_impro05_M034,if you want you can write a letter i can give you the address yes an angry,neu
Ses01F_impro05_F030,a letter ill make a personal phone call,ang
Ses01F_impro05_M035,or you can make a phone call but i think a letter might be a little more in my impression letters have more,neu
Ses01F_impro07_M000,did you get the letter,hap
Ses01F_impro07_F000,yes theres a big envelope it says youre in i know,hap
Ses01F_impro07_M001,yeah that is so awesome,hap
Ses01F_impro07_M002,oh my god what are you going to do laughter,hap
Ses01F_impro07_M003,ohyeah i bet youre really excited oh thats what loans are for right exactly,hap
Ses01F_impro07_F002,im really excited yeah i dont know how im going to pay for anything but i also yeah loans too yeah i applied though for a bunch of grants and scholarships so im still waiting to hear on that,hap
Ses01F_impro07_M004,oh good good thats awesome are you going to stay around here or are you going to like get a different neighborhood you going to move to a different neighborhood,hap
Ses01F_impro07_F003,oh i know i know i know i know,hap
Ses01F_impro07_F004,i dont know i spend so much time commuting as it is id rather,hap
Ses01F_impro07_M005,this is so i am so happy that youre going to stay youre not going towe should totally throw a party,hap
Ses01F_impro07_F005,i know we should throw a party,hap
Ses01F_impro07_M006,a rapper party ho yeah okay,hap
Ses01F_impro07_M007,i am just yeah im sticking around im just doing my thing im living here im so glad youre going to stay im so glad youre going to be here yeah woo,hap
Ses01F_impro07_M008,yeah big time,hap
Ses01F_impro07_M009,mmhmm mmhmm yay so what major what are you doing,hap
Ses01F_impro07_F009,yeah im not sure,hap
Ses01F_impro07_M012,is this a masters or a phd or can you nice,neu
Ses01F_impro07_F010,ummphd laughter,hap
Ses01F_impro07_M013,thats good dont you have to like teach a class too when you do that,neu
Ses01F_impro07_M014,teacher mrs nash i have a question,hap
Ses01F_impro07_F012,so i get to mold young minds mrs thats my mother,hap
Ses01F_impro07_M015,you have to get married well you are married to chuck youre mrs nash not to be confused with mrs dash which is the popular seasoning,hap
Ses01F_impro07_F013,i would be like oh right right right,hap
Ses01F_impro07_M017,yayschools fun,hap
Ses01F_impro07_M018,of course right thats where the real money is being a student,neu
Ses01F_impro07_M019,thats how you get the big bucks are you messing with the chair dont ruin it,hap
Ses01F_impro07_F016,i know i made such a mess of it the entire time the last three things ive done ive ruined everything i think mmhmm yeah,hap
Ses01M_script02_2_M001,to this spot for this massive celebration of like sex and death,hap
Ses01M_script02_2_M002,look at this my hairs are standing up my arm im giving myself goose bumps,hap
Ses01M_script02_2_F000,thats the wind,neu
Ses01M_script02_2_M003,well so what do you think,hap
Ses01M_script02_2_M008,can i ask you a question are you on your period,neu
Ses01M_script02_2_F010,why do you ask me that god damn it i told you not to ask me that i hate it when you ask me that its insulting,ang
Ses01M_script02_2_F011,i just we just have different ideas of what this evening is supposed to look like,ang
Ses01M_script02_2_F013,because they never do do they have they ever,ang
Ses01M_script02_2_M013,we missed them twice,neu
Ses01M_script02_2_F014,twice is every year weve tried thats ever,ang
Ses01M_script02_2_F015,no we wont its pointless its like a waiting up to see santa claus,ang
Ses01M_script02_2_F016,i feel like my whole life is going to be spent here on the beach with my eyes wide open and my hands clasped expectantly waiting for fish to show up and the fish never show,ang
Ses01M_script02_2_M019,you were fine during the phone call from marge dinner was okay doing the dishes was fine,neu
Ses01M_script02_2_M020,lets see uh i took a shower and um you were watching the news and you said the the grunions are running tonight and i said okay great lets go,neu
Ses01M_script02_2_M021,so im putting the animals out were getting the car to the garage and,neu
Ses01M_script02_2_F019,do you remember the first year we came here its about four years ago right after we got married,neu
Ses01M_script02_2_F022,and i remember thinking this is it finally finally im as happy as im supposed to be,sad
Ses01M_script02_2_M022,wait a minute ive got it,neu
Ses01M_script02_2_M023,it was when we were driving passed that knickerbocker liquor locker and you would said no you said lets get some champagne and i said no time to wasting or something like that thats what it is right,neu
Ses01M_script02_2_F024,id rather not remember some things id rather not hope for some things,sad
Ses01M_script02_2_M025,oh right sure of course,neu
Ses01M_script02_2_F025,no,sad
Ses01M_script02_2_M027,you want me to go get some champagne,neu
Ses01M_script02_2_F026,no,sad
Ses01M_script02_2_M028,do you want to take off our shoes,neu
Ses01M_script02_2_M029,what huh,neu
Ses01M_script02_2_M030,you want to get married again,neu
Ses01M_script02_2_M033,a new carpet a poodle a suicide pact ice cream a back rub what what what the hell do you want,ang
Ses01M_script02_2_F030,i want something to turn out the way that its supposed to,ang
Ses01M_script02_2_M035,you think nothing turns out how its supposed to you think i had some grand idea going that four years down the line we would come to this beach and argue over fish no,ang
Ses01M_script02_2_M037,no no im just like you i thought it was going to be all rosy cheeks and the bills would pay themselves and fish will always come and,sad
Ses01M_script02_2_M038,no you know what you get you know what you get you get this,sad
Ses01M_script02_2_F031,this what what is this this isnt even anything,ang
Ses01M_script02_2_M039,yeah it is,neu
Ses01M_script02_2_F032,oh sure this is standing on the beach this is waiting fighting,ang
Ses01M_script02_2_M040,right,neu
Ses01M_script02_2_F033,this isnt anything like i thought anything would be,sad
Ses01M_script02_2_M041,i know me neither,sad
Ses01M_script02_2_F034,this is just this i mean it includes a lot and everything but itsdo you understand what im saying,sad
Ses01M_script02_2_M042,im doing the best i can,sad
Ses01M_script02_2_F035,i know that augie i really do,sad
Ses01M_script02_2_F036,i just cant help wishing that i was somebody somewhere else,sad
Ses01M_script02_2_M043,maybe if you were with somebody else too,sad
Ses01M_script02_2_F037,i didnt say that,sad
Ses01M_script02_2_M044,no i know buti know i dont make you happy,sad
Ses01M_script02_2_M045,yeah,sad
Ses01M_script02_2_F040,you are the one who probably wishes he was with somebody else someone who didnt take everything so seriously someone who would enjoy yourself,sad
Ses01M_script02_2_M049,look what we got here,hap
Ses01M_script02_2_M050,its not champagne,neu
Ses01M_script02_2_F044,i guess we dont need glasses,hap
Ses01M_script02_2_M051,are you cold huh do you want to go home,neu
Ses01M_script02_2_F045,im beginning to think you might be right i think this might be the spot after all,hap
Ses01M_script02_2_F046,augie im sorry,sad
Ses01M_script02_2_M052,shh,hap
Ses01M_script02_2_M053,if we are really quiet the fish might come,hap
Ses01M_script02_2_F047,or not,neu
Ses01M_script02_2_M054,or not,neu
Ses01M_script01_1_M000,he saw it,neu
Ses01M_script01_1_M002,i was out here at four this morning i heard a crack and i looked out the window and he was standing right over there,neu
Ses01M_script01_1_M003,i dont know but he went back in the kitchen and he cried,sad
Ses01M_script01_1_F004,did you talk to him,sad
Ses01M_script01_1_M004,no i figured id just let it wait,sad
Ses01M_script01_1_F005,cried hard,sad
Ses01M_script01_1_M005,yeah i could hear him crying through the floorboards in my room,sad
Ses01M_script01_1_F006,breathing,sad
Ses01M_script01_1_M006,i dont know,sad
Ses01M_script01_1_F008,hes dreaming about him again walking the streets,ang
Ses01M_script01_1_M007,i guess he is,sad
Ses01M_script01_1_F011,what do you mean a mistake,ang
Ses01M_script01_1_F014,what can you prove it what proof do you have can you prove it,ang
Ses01M_script01_1_F015,to you it is to me it is but to your father you can talk yourself til youre blue in the face but theres was no grave and there is no body so where are you,ang
Ses01M_script01_1_F016,the trouble is those god damn news papers every month some boy comes back missing longer then larry so,ang
Ses01M_script01_1_F017,why,ang
Ses01M_script01_1_M017,im going to ask her to marry me,neu
Ses01M_script01_1_F020,well what do you want me to do youre old enough known your own business,ang
Ses01M_script01_1_M020,see then its not just my business sometimes you infuriate me you know that you know its just your business too if i tell father and he throws a fit about it huh,ang
Ses01M_script01_1_F023,im sorry i ignore what ive got to ignore that girl is larrys girl,ang
Ses01M_script01_1_M021,she is not larrys girl,ang
Ses01M_script01_1_F024,from fathers point of view he is not dead and you have no right to take his girl im just saying that you can go on from there if you know where to go but im saying i dont know where to go see i dont know,ang
Ses01M_script01_1_F025,youre a considerate fellow theres nothing wrong in that,neu
Ses01M_script01_1_M023,to hell with that,ang
Ses01M_script01_1_F026,did you ask annie yet,neu
Ses01M_script01_1_M024,no i wanted to get this all sorted out first,sad
Ses01M_script01_1_F029,i dont see why it has to be annie,ang
Ses01M_script01_1_F030,thats a good answer but it doesnt answer anything you havent seen her since you went away to war its been five years,ang
Ses01M_script01_1_F031,he thinks hes coming back chris you marry that girl youre pronouncing him dead,sad
Ses01M_script01_1_F032,do you know what thatll do to you to your father do you know i dont,ang
Ses01M_script01_1_F035,are you crazy,ang
Ses01M_script01_1_F036,you have a business here i said what the hell is this,ang
Ses01M_script01_1_M034,business the business doesnt inspire me,ang
Ses01M_script01_1_F037,oh must you be inspired,ang
Ses01M_script01_1_M035,yes yes i like it for one hour a day i dont care if i have to grub for money all day long when i come home i want it nice i want a family i want to kids and annie is in the center of that,ang
Ses01M_script01_1_M037,yes on this i would,neu
Ses01M_script01_1_F039,well you dont want to think like that,ang
Ses01M_script01_1_M038,then help me stay here mom,sad
Ses01M_script01_1_F040,all right but you dont think like that because what the hell is this all for this is all for you what are we working for chris the whole shooting match is for you,ang
Ses01M_script01_1_M040,then help me stay,sad
Ses01M_script01_1_F041,well you dont think like that,ang
Ses01M_script01_1_M041,i am thinking like that,ang
Ses01M_script01_1_F042,i dont understand you do i,ang
Ses01M_script01_1_M042,no you dont im a pretty tough guy,sad
Ses01M_script01_1_F043,well i can see that,ang
Ses01F_impro06_M000,im sorry joy,sad
Ses01F_impro06_M001,is there anything i can get you do you want me to take care of anything for you or,neu
Ses01F_impro06_M002,pick up anything,neu
Ses01F_impro06_F002,no,sad
Ses01F_impro06_M003,you know you are welcome to stay at my house if you want to just check out for a couple days and hang out,sad
Ses01F_impro06_F003,thats sweet,neu
Ses01F_impro06_F004,thank you,neu
Ses01F_impro06_F005,i went to see her headstone a week or two ago,sad
Ses01F_impro06_F006,i used to go to cemeteries a lot before she died i just you know i felt like they were urban oasis you know there is always this green in the city,sad
Ses01F_impro06_M004,hmm,neu
Ses01F_impro06_F007,so i was like wandering around before it takes forever to find her headstone i always lose it you know,sad
Ses01F_impro06_F008,so i was looking at this other one and there was like a piece of candy there and i thought that i would take the candy and put it on her headstone and,sad
Ses01F_impro06_F009,this woman came up and you know it was hers it was her person that was there,neu
Ses01F_impro06_M005,oh she was there,neu
Ses01F_impro06_F010,yeah and she was like thats pathetic i hope you enjoy it,sad
Ses01F_impro06_F011,and i you know i mean i said i was sorry and i brought it back to her kind of and i like put it on the ground and she was like no its fine she was like i would rather have her back honestly,sad
Ses01F_impro06_M006,mmhmm,neu
Ses01F_impro06_F012,i dont know it just like i felt so bad because i shouldnt have done it i dont know whatever,sad
Ses01F_impro06_M007,yeah,sad
Ses01F_impro06_F013,i dont know,sad
Ses01F_impro06_M008,how long were you there for,neu
Ses01F_impro06_F014,at the cemetery,sad
Ses01F_impro06_M009,mmhmm,neu
Ses01F_impro06_F015,couple hours,sad
Ses01F_impro06_F016,i brought i brought chuck with me he went to redlands yeah for the day we ran through the sprinklers,neu
Ses01F_impro06_M010,oh really,neu
Ses01F_impro06_M011,you ran through the sprinklers in the cemetery,neu
Ses01F_impro06_M012,is it a big cemetery,neu
Ses01F_impro06_F018,yeah its huge redlands is an old city so they have lots and lots of stones,neu
Ses01F_impro06_M013,oh so theyre like really old too really old ones,neu
Ses01F_impro06_F019,yeah,neu
Ses01F_impro06_F020,its weird whenever i go back to town i think of her i mean its like  i mean we grew up together and she died when we were twenty one and yeah she had cancer she had two brain tumors,sad
Ses01F_impro06_F021,my best friend heather shes got a we have a we built this like little theres a park prospect park and there is like a garden section of it that we set up for her,sad
Ses01F_impro06_F022,she used to have these poetry parties on memorial day,sad
Ses01F_impro06_M014,mmhmm,neu
Ses01F_impro06_F023,umm yeah,sad
Ses01F_impro06_F024,and the last time before she died i remember she couldnt really stand umm,sad
Ses01F_impro06_F025,but i mean she could but it was so it was kind of sitting at her feet holding her up and she had these poems she had memorized and i remember looking up she had curly red hair and there was this palm tree right behind her and it was like a crown growing right out of her head it was cool,sad
Ses01F_impro06_M015,mmhmm,neu
Ses01F_impro06_F026,some i guess she memorized this one john dunn its called death be not proud and,sad
Ses01F_impro06_M016,so she wrote a lot of poetry,neu
Ses01F_impro06_F027,theres another one i cant remember,neu
Ses01F_impro06_F028,i remember too when we were she died at ucla she had brain surgery and there was not much hope to begin with but i gave blood for her surgery her mom and i before so we dropped her off in the waiting room and then we were giving blood and came back and she in her wheelchair like can hardly do anything reciting her poetry for these people like in the waiting room all she needs is a god damn audience you know,sad
Ses01M_impro06_F000,you okay,neu
Ses01M_impro06_M000,yeah im just yeah,sad
Ses01M_impro06_M001,just kind of feel numb you know,sad
Ses01M_impro06_F001,whats happened,neu
Ses01M_impro06_M002,you didnt even hear,sad
Ses01M_impro06_M003,breathing umm,sad
Ses01M_impro06_M004,god ive told this story so many times umm,sad
Ses01M_impro06_F002,you dont have to if you dont want to,neu
Ses01M_impro06_M005,i justi just basically lost someone that was really close to me,sad
Ses01M_impro06_M006,and ive kind of been dealing with all of thethe stuff you know the hospital and people work because,sad
Ses01M_impro06_F003,im sorry to hear that,sad
Ses01M_impro06_M007,he kind of didnt have anyone to take care of that for him so,sad
Ses01M_impro06_F004,youve been taking care of it all,sad
Ses01M_impro06_F005,oh jesus,sad
Ses01M_impro06_M008,its just reallyreally messed up,sad
Ses01M_impro06_F006,he sick for awhile,sad
Ses01M_impro06_M009,no,sad
Ses01M_impro06_M010,just like it,sad
Ses01M_impro06_F007,was it an accident,neu
Ses01M_impro06_M011,no i mean it just came on really quick you know i mean it was a garbage it was a sickness but it just ,sad
Ses01M_impro06_F008,how was sick,neu
Ses01M_impro06_M012,what,sad
Ses01M_impro06_F009,well im confused he was sick or it was an accident,neu
Ses01M_impro06_M013,he was sick he got sick he got sick but it happened really really fast you know,sad
Ses01M_impro06_F010,oh really fast oh,neu
Ses01M_impro06_M014,it was kind of like boom done,sad
Ses01M_impro06_F011,yeah,neu
Ses01M_impro06_M015,its just really weird because he was really young you know and it kind of like,sad
Ses01M_impro06_F012,yeah,neu
Ses01M_impro06_M016,it just kind of freaks you out,sad
Ses01M_impro06_F013,totally yeah,neu
Ses01M_impro06_M017,so weird you know that like one days its like you know sounds so stupid but like one day someones here and like next day you know theyre not here and it just kind of makes you like think about like life and mortality and like that kind of stuff you just like used to take for grantedyou know,sad
Ses01M_impro06_F014,mmhmm,neu
Ses01M_impro06_F015,lock,neu
Ses01M_impro06_F016,mmhmm,neu
Ses01M_impro06_F017,the plans you make garbage,neu
Ses01M_impro06_M018,exactly you know and like he had so many plans and he was going to do,sad
Ses01M_impro06_F018,it leaves a hole for you too,neu
Ses01M_impro06_M019,so many things you know,sad
Ses01M_impro06_F019,it leaves a hole for you too in your plans together,neu
Ses01M_impro06_M020,what,sad
Ses01M_impro06_M021,yeah,sad
Ses01M_impro06_F020,it gets better,neu
Ses01M_impro06_M022,he was a really really good guy,sad
Ses01M_impro06_F021,mmhmm,neu
Ses01M_impro06_M023,a lot of people loved him,sad
Ses01M_impro06_F022,mmhmm,neu
Ses01M_impro06_M024,you know its like affecting a lot of people its not just me you know,sad
Ses01M_impro06_F023,mmhmm,neu
Ses01M_impro06_F024,how long did you know each other,neu
Ses01M_impro06_M025,umm,sad
Ses01M_impro06_M026,for like eight years,sad
Ses01M_impro06_F025,thats a long time,neu
Ses01M_impro06_M027,yeah,sad
Ses01M_impro06_F026,its good that you were there,neu
Ses01M_impro06_M028,yeah im glad i was there glad i glad i got to be there,sad
Ses01M_impro06_M029,so weird,sad
Ses01M_impro06_F027,yeah,neu
Ses01M_impro06_M030,like i cantits like you know its like pinch me its like i cant believe like im dealing with this you know,sad
Ses01M_impro06_F028,are there things you wish youd done differently,neu
Ses01F_impro04_M000,have you tried uh craigs list,neu
Ses01F_impro04_F000,uh what craigs list oh the internet thing,neu
Ses01F_impro04_M001,yeah,neu
Ses01F_impro04_F001,i dont know isnt that thats all like escort services and things like that,neu
Ses01F_impro04_M002,no theres regular jobs on there,neu
Ses01F_impro04_M003,uh huh,neu
Ses01F_impro04_M004,im just saying i have a friend that got a good job on it so i was just recommending it,neu
Ses01F_impro04_M005,hes like a manager for a theatre,neu
Ses01F_impro04_M006,hes like a house manager yeah its a good job,neu
Ses01F_impro04_F005,he just,neu
Ses01F_impro04_F006,you know what i heard about that job i applied for that,neu
Ses01F_impro04_M007,you did,neu
Ses01F_impro04_M008,yeah,neu
Ses01F_impro04_M009,youve been looking for a job for a long time that was a long time ago right,neu
Ses01F_impro04_F009,yeah,neu
Ses01F_impro04_M010,hmm,neu
Ses01F_impro04_M011,i dont know he had a really good resume i guess and,neu
Ses01F_impro04_M012,yeah do you have a resume,neu
Ses01F_impro04_M013,its kind of helpful when getting a job,neu
Ses01F_impro04_F013,i just i mean i call people up and i tell them what im good at,neu
Ses01F_impro04_M014,well maybe we should sit down some time and you can just tell me all the stuff that you have done and ill write it out,neu
Ses01F_impro04_F014,yeah,neu
Ses01F_impro04_M015,no you can or you can just bring it in person but they need generally something to see you know what kind of what that youve done what kind of,neu
Ses01F_impro04_M016,yeah but the piece of paper helps too,neu
Ses01F_impro04_M017,no but it has an outline you know,neu
Ses01F_impro04_M018,i know okay well um maybe,neu
Ses01F_impro04_M019,yeah,neu
Ses01F_impro04_M020,okay yeah i would imagine,neu
Ses01F_impro04_M021,well sometimes you have to do things that you dont necessarily like to do to have a job but the job affords you money you wont have to be taking the bus right now,neu
Ses01F_impro04_M022,maybe get a car,neu
Ses01F_impro04_M023,i just you know think you should try a little harder maybe,neu
Ses01F_impro04_M024,i didnt say that,neu
Ses01F_impro04_M025,i am riding the bus but by choice,neu
Ses01F_impro04_M026,to save the environment carpool,neu
Ses01F_impro04_M027,yes one less car at a time,neu
Ses01F_impro04_M028,mmhmm,neu
Ses01F_impro04_F028,im not frustrated,ang
Ses01F_impro04_F029,who do you think you are,ang
Ses01F_impro04_M031,i dont think im anyone,neu
Ses01F_impro04_F030,you are so high and mighty i just,ang
Ses01F_impro04_M032,i ii didnt okay,neu
Ses01F_impro04_F031,oh im saving the environment im riding this car because i i want to,ang
Ses01F_impro04_F032,the bus im riding the bus because i want to,ang
Ses01F_impro04_F033,i can not you are not here by choice nobody would ride this bus by choice,ang
Ses01M_script03_2_F006,well what of it,neu
Ses01M_script03_2_F010,no thank you,neu
Ses01M_script03_2_M012,ill have a little i think,neu
Ses01M_script03_2_F011,i dont see why you want any you already had two glasses,ang
Ses01M_script03_2_M013,oh you know no particular reason besides they are very small glasses,neu
Ses01M_script03_2_F015,dont be stupid what,ang
Ses01M_script03_2_M018,are you going out somewhere dear,neu
Ses01M_script03_2_F017,well its a womans duty to allure the man watch me a minute will you,ang
Ses01M_script03_2_M022,you know its a pity you didnt have any more brandy it would have made you just a little less disagreeable,ang
Ses01M_script03_2_M023,you know what you snap you snap you snap youre like a little adder,ang
Ses01M_script03_2_M024,nonsense they have a bag of venom behind of fangs and they snap,ang
Ses01M_script03_2_F022,they sting,ang
Ses01M_script03_2_F023,i dont care i dont care do you understand i dont mind if they bark and they roll about like hoops,ang
Ses01M_script03_2_M025,did you see much of peter burden after our divorce,ang
Ses01M_script03_2_F024,yes i did quite a lot,ang
Ses01M_script03_2_M026,i suppose you let him just kiss you or good deal more than too,ang
Ses01M_script03_2_F025,oh mind you own business,ang
Ses01M_script03_2_M027,i suppose you two had a riotous time huh no restrain at all very enjoyable he never had much any how,ang
Ses01M_script03_2_F026,youre quite insufferable i expect its because youre drunk,ang
Ses01M_script03_2_M028,i am not in the least bit drunk,ang
Ses01M_script03_2_F027,you always had a weak head,ang
Ses01M_script03_2_M029,i think i told you once before that i had three minute liquor glasses the whole evening long a child of two cannot get drunk on that,ang
Ses01M_script03_2_F028,on the contrary a child two could get violently drunk on only one glass of brandy,ang
Ses01M_script03_2_M030,oh very very interesting amanda how about the child of uh four six or maybe nineyou know we could work up a splendid little debate about it you know intemperate tots,ang
Ses01M_script03_2_F029,shut up,ang
Ses01M_script03_2_F030,not very funny darling why dont you have some more brandy,ang
Ses01M_script03_2_M031,thats a very good idea i think i will,ang
Ses01M_script03_2_M032,would you uhturn that off please youre going to wake the people upstairs,ang
Ses01M_script03_2_F031,why,ang
Ses01M_script03_2_M033,well then youll wake the people downstairs,ang
Ses01M_script03_2_F033,they are away in tunis,ang
Ses01M_script03_2_M034,this is no time a year for tunis,ang
Ses01M_script03_2_F034,turn it on again please,ang
Ses01M_script03_2_M035,i will do no such thing,ang
Ses01M_script03_2_F035,very well if you insist on being boorish and idiotic,ang
Ses01M_script03_2_M036,turn it off its driving me mad,ang
Ses01M_script03_2_F036,i wont,ang
Ses01M_script03_2_M037,turn it off,ang
Ses01M_script03_2_F037,stop it no go away,ang
Ses01M_script03_2_M038,amanda listen listen,ang
Ses01M_script03_2_F038,listen oh im sick and tired of listening to you you damn sadistic bully,ang
Ses01M_script03_2_M039,thats very amusing indeed,ang
Ses01M_script03_2_F039,oh youre cruel youreyourei hate you i hate you go away youre conceited youre overbearing youre utterly impossible,ang
Ses01M_script03_2_M040,youyoure an evil minded selfcentered little wench and i never want to see you again,ang
Ses01M_script03_2_F040,this is the end do you hear me finally and forever,ang
Ses01M_script03_2_M041,youre not going like this,ang
Ses01M_script03_2_F041,oh yes i amoh yes i am let go of me you let go youurghyoure a cruel friend i loathe and i hate you marry you againhanever never never never i hope you die in torment you beast,ang
Ses01M_script03_2_M042,no youre not,ang
Ses01M_script03_2_M043,shut up shut up i wouldnt marry you again if you came crawling back to me on a bended knee you are an evil tempered little vampire and i never want to see you again as long as i live,ang
Ses01F_script02_1_F000,fine,neu
Ses01F_script02_1_M002,okay is that is that,hap
Ses01F_script02_1_M007,the flashlight the silver one theres only one isnt there,neu
Ses01F_script02_1_F004,thats not your flashlight,neu
Ses01F_script02_1_M008,whose is it,neu
Ses01F_script02_1_M009,ohwell yeah of course,neu
Ses01F_script02_1_F006,you keep saying my flashlight like its just yours,ang
Ses01F_script02_1_M010,no,neu
Ses01F_script02_1_F007,hows that supposed to make me feel,ang
Ses01F_script02_1_M011,of course our flashlight whats yours is mine me flashlight es su flashlight,neu
Ses01F_script02_1_M013,do they always run during a full moon i dont remember was it full last year,neu
Ses01F_script02_1_F008,yeah,neu
Ses01F_script02_1_M014,huh are you cold do you want my jacket no you know we should have brought the blanket our blanket,neu
Ses01F_script02_1_M015,aw do you know i should have brought a six pack too a six pack that would be just the ticket right about now huh,neu
Ses01F_script02_1_M016,god im so excited im like a kid i cant believe i got out of the house with my fly zipped up,hap
Ses01F_script02_1_F009,laughter,hap
Ses01F_script02_1_F010,im cold,sad
Ses01F_script02_1_M020,right,neu
Ses01F_script02_1_M021,wait thats my point too,neu
Ses01F_script02_1_F015,not particularly,neu
Ses01F_script02_1_M023,why not,neu
Ses01F_script02_1_M024,honey this is like a natural phenomenon i mean people in kansas would have to get plane reservations and get hotel rooms to see this its just forty minutes away for us its too good to pass up,neu
Ses01F_script02_1_M025,yeah but thisthis moment on the beach is like the highlight of their little lives all that flopping around is laying eggs or what to do  spawning or mating or whatever,neu
Ses01F_script02_1_M026,this is a big night for these little guys its like lifes last orgy,neu
Ses01F_script02_1_M029,theres like mystery here theres magic its like a little bit of the unexplainable i just cant see how youre not interested,neu
Ses01F_script02_1_M031,god i dont get it you know the first time we came here you said it was the best night of your life,neu
Ses01F_script02_1_M032,and last year i remember distinctly you said you were so excited to get here that you dont remember you stubbed your toe until we were in the car,neu
Ses01F_script02_1_M033,ahhwe werent in a good spot,neu
Ses01F_script02_1_M034,we just werent in a good spot im telling you this is a much better spot i have instincts for these things,neu
Ses01F_script02_1_M035,look there see whats that no thats  thats just seaweed,hap
Ses01F_script02_1_M036,god this is great think about this i know you are not interested but just think about this,hap
Ses01F_script02_1_M038,just all at once they turned and they formed this line as long as the california coast and some instinctual little firecracker went off in their bodies and they all just turned as one and started swimming,hap
Ses01F_script02_1_M040,its single mindedness with no mind it is urgency that is just pure urge,hap
Ses01F_script02_1_F024,thats the wind,neu
Ses01F_script02_1_M043,so what do you think,hap
Ses01F_script02_1_F025,about what,neu
Ses01F_script02_1_M044,about all of that about all i was talking about,hap
